Actor,Musician,Social Media Personality,Entertainer,Athlete,Politician,Business Leader,Infamous Person
Martin Freeman,Paul McCartney,Jimmy Donaldson (Mr. Beast),Ellen DeGeneres,Tom Brady,Donald Trump,Bill Gates,King Charles
Meryl Streep,Mick Jagger,Felix Arvid Ulf Kjellberg (Pewdiepie),Oprah Winfrey,Peyton Manning,Barack Obama,Jeff Bezos,Queen Camilla
Matt Damon,Bruce Springsteen,Richard Blevins (Ninja),Ryan Seacrest,Eli Manning,George W Bush,Mark Zuckerberg,Prince William
Ben Affleck,Keith Richards,Raul Alvarez (@auronplay),Simon Cowell,Joe Burrow,Bill Clinton,Elon Musk,Prince Harry
Steve Martin,Billy Joel,Ibai Llanos (2ibai),Howard Stern,Patrick Mahomes,Joe Biden,Jamie Dimon,Princess Catherine (Kate Middleton)
Martin Short,Stevie Wonder,Imane Anys (@pokimane),Joe Rogan,Jerry Rice,Jimmy Carter,Mark Cuban,Meghan Markle
Selena Gomez,Taylor Swift,Kaitlyn Siragusa (@amouranth),Jimmy Fallon,Archie Manning,Dick Cheney,Sam Bankman-Fried,OJ Simpson
Tom Hanks,Rihanna,Ruben Doblas (@rubius),Stephen Colbert,Joe Montana,Al Gore,Robert Herjavec,Kim Jong Un
Tom Cruise,John Mellencamp,Jake Paul,Seth Meyers,Jalen Hurts,Mike Pence,Daymond John,Mehmet Oz (Dr. Oz)
Jamie Foxx,Ringo Starr,Logan Paul,Jimmy Kimmel,Emmitt Smith,Kamala Harris,Kevin O'Leary,Mike Tyson
Morgan Freeman,Dave Grohl,Felix Lengyel (xQc),James Corden,Rob Gronkowski,Bernie Sanders,Lori Greiner,Brittney Griner
John Goodman,Ciara,Michael Grzesiek (Shroud),Anderson Cooper,Randy Moss,Ted Cruz,Barbara Corcoran,Vladimir Putin
Roseanne Barr,Nick Carter,Darren Watkins (IShowSpeed),Tucker Carlson,Steve Young,Marco Rubio,Kendra Scott,Pope Francis
Ted Danson,Justin Timberlake,Herschel Beahm (Dr Disrespect),Rachel Maddow,Brett Favre,Mitch McConnell,Sara Blakely,Xi Jinping
Kelsey Grammer,Carlos Santana,Timothy Betar (TimTheTatman),Pat Sajak,Aaron Rodgers,Chuck Schumer,Chris Sacca,David Miscavige
Jennifer Aniston,Dave Matthews,Ludwig Ahgren (Ludwig),Vanna White,Warren Sapp,Joe Manchin,Daniel Lubetzky,Volodymyr Zelensky
Courteney Cox,Bruno Mars,Aleksandr Lagusa (Kuzuha Chan),Tom Brokaw,Lawrence Taylor,Josh Hawley,Richard Branson,Dr. Anthony Fauci
Lisa Kudrow,Adele,Usada Pekora (Pekora Chan),Kris Jenner,Dick Butkus,Rand Paul,Peter Jones,Dennis Rodman
Matthew Perry,Beyonce,Alexandre Borba (Gaules),Caitlyn Jenner,Brian Urlacher,Elizabeth Warren,Emma Grede,Tonya Harding
Matt LeBlanc,Jay-Z,Ibai Llanos (ibai),Kim Kardashian,Lamar Jackson,John Fetterman,Warren Buffett,Nancy Kerrigan
David Schwimmer,Stevie Nicks,Hasan Abi (HasanAbi),Khloe Kardashian,Bill Belichick (coach),Nancy Pelosi,Larry Ellison,Scott Peterson
Daniel Day-Lewis,Miley Cyrus,Zack Hoyt (asmongold),Kourtney Kardashian,Josh Allen,Kevin McCarthy,Steve Wozniak,Drew Peterson
Kevin Costner,Gwen Stefani,Tyler Niknam (Trainswreckstv),Rob Kardashian,Russell Wilson,Jim Jordan,Larry Page,Dennis Rader (BTK)
Bruce Willis,Adam Levine,Tarik Celik (Tarik),Kylie Jenner,Justin Jefferson,Ilhan Omar,Steve Ballmer,Joe Maldanado-Passage (Joe Exotic)
Kaley Cuoco,Blake Shelton,Elias Nerlich (eliasn97),Kendall Jenner,Travis Kelce,Alexandra Ocasio-Cortez (AOC),Roman Abramovich,Carole Baskin
Jim Parsons,Kelly Clarkson,Whindersson Nunes (@whinderssonnunes),Tyra Banks,Ja'Marr Chase,Lauren Boebert,Sergey Brin,Dinesh D'Souza
,Camila Cabello,Huda Kattan (@hudabeauty),Bethenny Frankel,Troy Aikman,Matt Gaetz,Reed Hastings,Kato Kaelin
,Sam Smith,Elanora Pons (@lelepons),Bobby Flay,Tony Romo,George Santos,Jack Dorsey,John Wayne Bobbitt
Jerry Seinfeld,Ed Sheeran,Nusret Gokce aka Salt Bae (@nusr_et),Guy Fieri,Dan Marino,Marjorie Taylor-Greene,Jim Walton (other Walton family members could also be included),Joey Buttafuoco
Julia Louis-Dreyfus,Lewis Capaldi,Dan Bilzerian (@danbilzerian,Bear Grylls,John Elway,Elise Stefanek,Evan Spiegel,Courtney Stodden
Jason Alexander,Harry Styles,Amanda Cerny (@amandacerny),Piers Morgan,Phil Simms,Steve Scalise,Melinda Gates,George Zimmerman
Steve Carell,The Weeknd,Zach King (@zachking),Tiffany Haddish,Terry Bradshaw,Hakeem Jeffries,Tim Cook,Lavar Ball
John Krasinski,Kanye West,Chiara Ferragni (@chiaragerragni),Sean Hannity,Howie Long,Paul Gosar,Rupert Murdoch,Mark David Chapman
Bryan Cranston,Post Malone,Cameron Dallas (@camerondallas),Tony Robbins,Michael Strahan,Eric Swalwell,Jack Ma,Sirhan Sirhan
Aaron Paul,Drake,Charli D'Amelio,Penn Jillette,Jimmy Johnson,Thomas Massie,"Robert ""Bob"" Iger","John Hinckley, Jr."
Carol Burnett,SZA,Dixie D'Amelio,Raymond Teller,Boomer Esiason,Jamie Raskin,Travis Kalanick,Warren Jeffs
Henry Winkler,Nicki Minaj,Khaby Lame,Miles Teller,Tim Tebow,Rashida Tlaib,Dara Khosrowshahi,David Berkowitz (Son of Sam)
Dick Van Dyke,Cardi B,Addison Rae,David Blaine,Jay Cutler,John Fetterman,Sheryl Sandberg,Gary Ridgway (Green River Killer)
Steve Buscemi,Bono (U2),Bella Poarch,Criss Angel,Justin Herbert,Chip Roy,Jeff Weiner,Steven Avery
Bob Newhart,Lizzo,Joe Rogan,Aaron Sorkin,Deshaun Watson,Katie Porter,Charles Munger,Brendan Dassey
John Lithgow,Lady GaGa,Alexandra Cooper,,Ben Roethlisberger,Nikki Haley,Jim Ratcliffe,Katie Price
Michael C. Hall,Katy Perry,Elliot Tebele,,Tua Tagovaiola,Hillary Clinton,James Dyson,Prince Andrew
Tina Fey,Elton John,Emma Chamberlain,,Tyreek Hill,Alan Greenspan,Michael Bloomberg,Ghislane Maxwell
Amy Poehler,Kendrick Lamar,Rhett McLaughlin,,Drew Brees,Rosalynn Carter,Michael Dell,Alex Jones
Aubrey Plaza,Rod Stewart,Link Neal,,George Kittle,Laura Bush,Phil Knight,Andrew Tate
Nick Offerman,Tina Turner,Mark Edward Fishbach,,Dak Prescott,Michelle Obama,Mackenzie Scott,Tristan Tate
Megan Mullally,Tony Bennett,Patrick Simondac (Patrick Starrr),,Matthew Stafford,Henry Kissinger,Ken Griffin,Ted Kaczynski
Chris Pratt,Yoko Ono,Sean McLoughlin (Jacksepticeye),,Derrick Henry,Melania Trump,Miriam Adelson,Zacarias Moussaoui
Chris Hemsworth,Burt Bacharach,Danielle Bregolie (Bhad Bhabie),,JJ Watt,Ivanka Trump,Dustin Moskovitz,Kyle Rittenhouse
Chris Evans,Marianne Faithfull,Josh Richards,,Joey Bosa,Jared Kushner,Nathan Blecharczyk,Jared Fogle
Chris Pine,Willie Nelson,Marques Brownlee,,Michael Jordan,"Donald Trump, Jr",,
Ryan Reynolds,Steven Tyler,Tyler Blevins (Ninja),,LeBron James,Eric Trump,Martin Skhrelli,Bryan Kohberger
Ryan Gosling,Jennifer Lopez,Olajide Olatunji (KSI),,Steph Curry,Malia Obama,,Josh Duggar
Tom Hardy,Paula Abdul,Dani Austin Ramirez,,Shaquille O'Neal,Sasha Obama,,
Tom Hiddelston,Lionel Richie,Ryan Kaji,,Charles Barkley,Tiffany Trump,,
Bob Barker,Harry Belafonte,Michael Le (JustMaiko),,Kevin Durant,Barron Trump,,
Mel Brooks,Joe Perry,Aimee Song,,Nikola Jokic,Jill Biden,,
Alan Alda,Niall Horan,Desi Perkins,,Magic Johnson,Hunter Biden,,
Angie Dickinson,Liam Payne,Bretman Rock,,Kareem Abdul-Jabbar,Ron DeSantis,,
Robert Duvall,Louis Tomlinson,Noah Beck,,Reggie Miller,Boris Johnson,,
Michael Richards,Zayn Malik,Camila Coelho,,Larry Bird,Theresa May,,
Robert Wagner,Billie Eilish,Adam Waheed (Adam W),,Giannis Antetokounmpo,Tony Blair,,
,Jack Harlow,Christina Najjar (Tinx),,Ja Morant,John Major,,
,Lenny Kravitz,Rickey Thompson,,Luka Doncic,John Roberts,,
Robert DeNiro,Janet Jackson,Bailey Sarian,,Dirk Nowitzki,Brett Kavanaugh,,
Al Pacino,Jax,Avani Gregg,,Joel Embiid,Neil Gorsuch,,
Brad Pitt,Miranda Lambert,Mikayla Nogueira,,Jayson Tatum,Amy Coney-Barrett,,
Martin Scorcese,Elle King,Ziwe Fumudoh,,James Harden,Clarence Thomas,,
Quentin Tarantino,Mary J. Blige,Lele Pons,,Trae Young,Sonia Sotamayor,,
Dwayne Johnson (The Rock),Missy Elliott,Jalaiah Harmon,,Anthony Davis,Ketanji Brown-Jackson,,
,Quincy Jones,Benito Skinner (Benny Drama),,Scottie Pippen,Elena Kagan,,
Tyler Perry,Travis Barker,La'Ron Hines,,Karl Malone,,,
Phil McGraw,Paris Jackson,Lynn Yamada Davis (Lynja),,Allen Iverson,,,
"Robert Downey, Jr",Jason Derulo,Robert Reeves (Old Gays),,Jerry West,,,
Zendaya,Ozzy Osbourne,Jessay Martin (Old Gays),,Oscar Robertson,,,
Andrew Garfield,Brandi Carlile,Mick Peterson (Old Gays),,Alex Rodriguez,,,
Reese Witherspoon,Doja Cat,Bill Lyons (Old Gays),,Derek Jeter,,,
Sarah Jessica Parker,Frank Ocean,Sophie Dee,,Anthony Rizzo,,,
Matthew Broderick,Carly Rae Jepsen,Elyse Myers,,"Ken Griffey, Jr",,,
Nathan Lane,Bad Bunny,Remi Bader,,Giancarlo Stanton,,,
Ed O'Neill,Chris Martin,Elsa Majimbo,,"Fernando Tatis, Jr",,,
Jesse Tyler-Ferguson,John Legend,Vivian Tu,,David Ortiz,,,
Eric Stonestreet,Samara Joy,Ian Paget,,Manny Ramirez,,,
Sarah Hyland,Clay Aiken,Chris Olsen,,Willie Mays,,,
Colin Jost,Diana Ross,Naezrah Desir,,Albert Pujols,,,
Michael Che,Bebe Rexha,Tabitha Brown,,Mike Trout,,,
Pete Davidson,David Guetta,Eric Decker (Airrack),,Shohei Ohtani,,,
Kate McKinnon,Beck,Abbie Herbert,,Bryce Harper,,,
Amanda Seyfried,Steve Perry,German Alejandro (JuegaGerman),,Barry Bonds,,,
Quinta Brunson,Jon Bon Jovi,Felipe Neto,,Sammy Sosa,,,
Zoe Kravitz,Axl Rose,Spencer Polanco Knight (Spencer X),,Mark McGwire,,,
Cynthia Nixon,James Hetfield,Loren Gray,,Carlos Correa,,,
Mila Kunis,Phil Collins,Riyaz Aly (Riyaz),,George Springer,,,
Ashton Kutcher,Adam Duritz,Ariel Martin (Baby Ariel),,Clayton Kershaw,,,
Topher Grace,Rob Thomas,Kimberly Loaiza,,Aaron Judge,,,
Channing Tatum,Nathaniel Rateliff,James Charles,,Mookie Betts,,,
Jonah Hill,Bjork,Jeffree Star,,Jacob deGrom,,,
Matthew McConaughey,Olivia Rodrigo,Chase Hudson (Lil Huddy),,Nolan Arenado,,,
Zoe Saldana,Luke Combs,Landon Barker,,Frank Thomas,,,
Kate Hudson,Luke Bryan,Alex Stokes (Stokes Twins),,Max Scherzer,,,
Goldie Hawn,Keith Urban,Alan Stokes (Stokes Twins),,Harry Kane,,,
Kurt Russell,"Tyler, The Creator",Joe Albanese,,Wayne Rooney,,,
,Dua Lipa,Lucas Dobre (Dobre Twins),,David Beckham,,,
,Bob Dylan,Marcus Dobre (Dobre Twins),,Thierry Henry,,,
,John Fogerty,Zaskia Sungkar,,Mo Salah,,,
,Steve Lacy,Hannah Stocking,,Alan Shearer,,,
,Travis Scott,Liza Koshy,,Lionel Messi*,,,
,Eminem,Maddie Ziegler,,Cristiano Ronaldo*,,,
,Dr. Dre,Joanna Gaines,,Steven Gerrard,,,
John Cena,Snoop Dogg,Chip Gaines,,Frank Lampard,,,
Dave Bautista,MC Hammer,Shane Dawson,,Erling Haaland,,,
,Vanilla Ice,Austin Mahone,,Kevin De Bruyne,,,
,Jung Kook (BTS),Troye Sivan,,Jack Grealish,,,
Nicolas Cage,V (BTS),Connor Franta,,Bobby Charlton,,,
John Travolta,Jimin (BTS),Grayson Dolan,,Pep Guardiola,,,
Kit Harrington,SUGA (BTS),Ethan Dolan,,Alex Ferguson,,,
Jason Momoa,Jin (BTS),Daniel Howell,,Jurgen Klopp,,,
Vin Diesel,j-hope (BTS),Phil Lester,,Marcus Rashford,,,
Sean Bean,RM (BTS),Nash Grier,,Neymar*,,,
Sophie Turner,Marcus Mumford,Nicole Polizzi (Snooki),,Kylian Mbappe*,,,
Peter Dinklage,Justin Bieber,Tyler Oakley,,Gary Lineker,,,
Jason Sudeikis,Meghan Trainor,Mike Sorrentino (The Situation),,Gary Neville,,,
Olivia Wilde,Megan Thee Stallion,Andrew Byron Bachelor (KingBach),,Jamie Carragher,,,
Norman Reedus,Britney Spears,Sommer Ray,,Roy Keane,,,
Bowen Yang,Christina Aguilera,Olga Ferrara,,Bruno Fernandes,,,
Jeffrey Dean Morgan,Lil Nas X,,,Lewis Hamilton,,,
,Demi Lovato,,,Max Verstappen,,,
,Pink,,,Fernando Alonso,,,
Ken Jennings,Lisa Manoban,,,Kimi Raikkonen,,,
Mayim Bialik,Leigh-Anne Pinnock,,,Michael Schumacher,,,
Keith Morrison,Jesy Nelson,,,Sebastian Vettel,,,
,Adam Lambert,,,Daniel Ricciardo,,,
Brian Williams,Brian May,,,Lando Norris,,,
Drew Carey,Roger Taylor,,,charles leclerc,,,
Wayne Brady,Robert Plant,,,carlos sainz,,,
Adam Sandler,Jimmy Page,,,Roger Federer,,,
Cameron Diaz,Roger Waters,,,Rafael Nadal,,,
Ben Stiller,Liam Gallagher,,,Tiger Woods,,,
David Spade,Noel Gallagher,,,Phil Mickelson,,,
Nikki Glaser,Roger Daltry,,,Floyd Mayweather,,,
,Pete Townshend,,,Conor McGregor,,,
,Geddy Lee,,,"Saul ""Canelo"" Alvarez",,,
,Anthony Kiedis,,,Wayne Gretzky,,,
,Flea,,,Sidney Crosby,,,
,John Paul Jones,,,Rory McIlroy,,,
,Ron Wood,,,Novak Djokovic,,,
,John Lydon (Johnny Rotten),,,Serena Williams,,,
,Morrisey,,,Venus Williams,,,
Tyra Banks,Thom Yorke,,,Manny Pacquiao,,,
Bethenny Frankel,Sting,,,Alex Morgan,,,
Vicki Gunvalson,Eric Clapton,,,Megan Rapinoe,,,
Nene Leakes,Janelle Monae,,,Simone Biles,,,
Kristin Cavallari,Darius Rucker,,,Candace Parker,,,
Bobby Flay,Frank Turner,,,Hulk Hogan,,,
Guy Fieri,Paul Heaton,,,Ric Flair,,,
Carson Kressley,Margo Price,,,Jeff Gordon,,,
Mario Lopez,Cher,,,Jimmie Johnson,,,
Bear Grylls,Madonna,,,Tony Stewart,,,
Milie Bobby Brown,Fergie,,,"Dale Earnhardt, Jr",,,
Winona Ryder,Alanis Morissette,,,Rhonda Rousey,,,
David Harbour,Sarah McLachlan,,,Vince McMahon,,,
Noah Schnapp,Vince Neil,,,Al Michaels,,,
Sadie Sink,Annie Lennox,,,Dan Patrick,,,
Finn Wolfhard,Peter Gabriel,,,Mike Tirico,,,
Caleb McLaughlin,David Lee Roth,,,Chris Berman,,,
Gaten Matarazzo,Sammy Hagar,,,Jim Nantz,,,
George Clooney,Michael Stipe,,,Jerry Jones,,,
Martin Lawrence,Kate Bush,,,,,,
Julia Roberts,Boy George,,,,,,
Cindy Crawford,Bryan Adams,,,,,,
Sandra Bullock,Rev Run (Run DMC),,,,,,
Brendan Fraser,Russell Simmons,,,,,,
Colin Farrell,Billie Joe Armstrong,,,,,,
Austin Butler,Eddie Vedder,,,,,,
Denzel Washington,Celine Dion,,,,,,
Javier Bardem,Robbie Williams,,,,,,
Gary Oldman,Billy Corgan,,,,,,
Anthony Hopkins,Rivers Cuomo,,,,,,
Benedict Cumberbatch,Ashanti,,,,,,
Leonardo DiCaprio,50 Cent,,,,,,
Adam Driver,Pete Wentz,,,,,,
Antonio Banderas,Patrick Stump,,,,,,
Joaquin Phoenix,Carrie Underwood,,,,,,
Rami Malek,Sean Paul,,,,,,
Christian Bale,Marilyn Manson,,,,,,
Willem Dafoe,Fred Durst,,,,,,
Viggo Mortensen,Jeff Tweedy,,,,,,
Timothee Chalamet,Kelly Rowland,,,,,,
Eddie Redmayne,Jason Isbell,,,,,,
Michael Fassbender,Jimmie Allen,,,,,,
Michael Keaton,Kenny Wayne Shepherd,,,,,,
Bradley Cooper,Marc Roberge,,,,,,
Zach Galifinakis,Jonny Lang,,,,,,
Ed Helms,Charlie Puth,,,,,,
Hugh Jackman,Lindsey Buckingham,,,,,,
James Franco,Mick Fleetwood,,,,,,
Seth Rogen,6ix9ine,,,,,,
Vince Vaughn,Nick Jonas,,,,,,
Owen Wilson,Joe Jonas,,,,,,
Luke Wilson,Kevin Jonas,,,,,,
Will Ferrell,,,,,,,
Jeremy Renner,Scott Stapp,,,,,,
Colin Firth,Seal,,,,,,
Mickey Rourke,,,,,,,
Tommy Lee Jones,,,,,,,
Johnny Depp,,,,,,,
Clint Eastwood,,,,,,,
Whoopi Goldberg,,,,,,,
Frances McDormand,,,,,,,
William H Macy,,,,,,,
Kristen Stewart,,,,,,,
Nicole Kidman,,,,,,,
Olivia Colman,,,,,,,
Michelle Williams,,,,,,,
Ana de Armas,,,,,,,
Lin Manuel Miranda,,,,,,,
Penelope Cruz,,,,,,,
Jessica Chastain,,,,,,,
Bill Hader,,,,,,,
Viola Davis,,,,,,,
Charlize Theron,,,,,,,
Scarlett Johansson,,,,,,,
Renee Zellweger,,,,,,,
Melissa McCarthy,,,,,,,
Jenny McCarthy,,,,,,,
Glenn Close,,,,,,,
Saoirse Ronan,,,,,,,
Margot Robbie,,,,,,,
Emma Stone,,,,,,,
Emma Watson,,,,,,,
Daniel Radcliffe,,,,,,,
Cate Blanchett,,,,,,,
Natalie Portman,,,,,,,
Brie Larson,,,,,,,
Jennifer Lawrence,,,,,,,
Julianne Moore,,,,,,,
Annette Bening,,,,,,,
Warren Beatty,,,,,,,
Helen Mirren,,,,,,,
Angelina Jolie,,,,,,,
Kate Winslet,,,,,,,
Elliot Page (fka Ellen Page),,,,,,,
Felicity Huffman,,,,,,,
Eva Longoria,,,,,,,
Teri Hatcher,,,,,,,
Judi Dench,,,,,,,
Diane Keaton,,,,,,,
Barbra Streisand,,,,,,,
Bette Midler,,,,,,,
Jason Bateman,,,,,,,
Laura Linney,,,,,,,
Diane Lane,,,,,,,
Julia Garner,,,,,,,
Chase Stokes,,,,,,,
Madlyn Cline,,,,,,,
Daniel Craig,,,,,,,
Idris Elba,,,,,,,
Pierce Brosnan,,,,,,,
Piers Morgan,,,,,,,
Sigourney Weaver,,,,,,,
Neve Campbell,,,,,,,
Joe Pesci,,,,,,,
Sacha Baron Cohen,,,,,,,
Leslie Odom Jr,,,,,,,
Brendan Gleeson,,,,,,,
Woody Harrelson,,,,,,,
Dax Shepard,,,,,,,
Kristen Bell,,,,,,,
Jason Segel,,,,,,,
Adam Scott,,,,,,,
Christopher Plummer,,,,,,,
Kevin Hart,,,,,,,
Harrison Ford,,,,,,,
Samuel L Jackson,,,,,,,
"Robert Downey, Jr.",,,,,,,
Laura Prepon,,,,,,,
Jake Gyllenhaal,,,,,,,
Maggie Gyllenhaal,,,,,,,
Kate Mulgrew,,,,,,,
Liam Neeson,,,,,,,
Mahershala Ali,,,,,,,
Bob Odenkirk,,,,,,,
Liam Hemsworth,,,,,,,
Mark Ruffalo,,,,,,,
Josh Gad,,,,,,,
Elizabeth Olsen,,,,,,,
Josh Brolin,,,,,,,
Don Cheadle,,,,,,,
Rupert Grint,,,,,,,
Jim Carrey,,,,,,,
Jeff Daniels,,,,,,,
Ian McKellen,,,,,,,
Eddie Murphy,,,,,,,
Justin Long,,,,,,,
Jack Black,,,,,,,
Lupita Nyong'o,,,,,,,
Mel Gibson,,,,,,,
Sylvester Stallone,,,,,,,
Robert Pattinson,,,,,,,
Simon Pegg,,,,,,,
Keanu Reeves,,,,,,,
Christina Ricci,,,,,,,
Patricia Arquette,,,,,,,
Samira Wiley,,,,,,,
Helena Bonham Carter,,,,,,,
Gillian Anderson,,,,,,,
David Duchovny,,,,,,,
Thandiwe Newton,,,,,,,
Maisie Williams,,,,,,,
Alexis Bledel,,,,,,,
Ann Dowd,,,,,,,
Lena Headly,,,,,,,
Uzo Aduba,,,,,,,
Maura Tierney,,,,,,,
Chrissy Metz,,,,,,,
Tony Shalhoub,,,,,,,
Kenan Thompson,,,,,,,
Brendan Hunt,,,,,,,
Nick Mohammed,,,,,,,
Alan Arkin,,,,,,,
Greg Kinnear,,,,,,,
Dan Levy,,,,,,,
Eugene Levy,,,,,,,
Catherine O'Hara,,,,,,,
Annie Murphy,,,,,,,
Ellie Kemper,,,,,,,
Tituss Burgess,,,,,,,
Keegan-Michael Key,,,,,,,
Jordan Peele,,,,,,,
Christina Applegate,,,,,,,
Linda Cardellini,,,,,,,
Charlie Sheen,,,,,,,
Emilio Estevez,,,,,,,
Martin Sheen,,,,,,,
Jon Cryer,,,,,,,
Sean Hayes,,,,,,,
Debra Messing,,,,,,,
Ray Romano,,,,,,,
Brad Garrett,,,,,,,
Anna Kendrick,,,,,,,
Tim Allen,,,,,,,
Hailey Bieber,,,,,,,
Jenna Ortega,,,,,,,
Tom Holland,,,,,,,
Sebastian Stan,,,,,,,
Anna Taylor-Joy,,,,,,,
Rob Lowe,,,,,,,
Aziz Ansari,,,,,,,
Sharon Osbourne,,,,,,,
Jon Stewart,,,,,,,
Jeffrey Ross,,,,,,,
Nate Bargatze,,,,,,,
Gabriel Iglesias,,,,,,,
Taylor Lautner,,,,,,,
Kirsten Dunst,,,,,,,
David Jason,,,,,,,
Nicholas Lyndhurst,,,,,,,
Ralph Fiennes,,,,,,,
Chiwetel Ejiofor,,,,,,,
Michael Caine,,,,,,,
Tilda Swinton,,,,,,,
Jeremy Clarkson,,,,,,,
Richard Hammond,,,,,,,
James May,,,,,,,
Jude Law,,,,,,,
Ewan McGregor,,,,,,,
Michael J. Fox,,,,,,,
Christopher Lloyd,,,,,,,
Lea Thompson,,,,,,,
Amy Adams,,,,,,,
Mark Hamill,,,,,,,
Sterling K. Brown,,,,,,,
Benicio Del Toro,,,,,,,
Octavia Spencer,,,,,,,
Matthew Mcconaughey,,,,,,,
Katie Holmes,,,,,,,
Joshua Jackson,,,,,,,
Keri Russell,,,,,,,
Jesse Plemons,,,,,,,
Stephen Root,,,,,,,
Ron Livingston,,,,,,,
Kyle Chandler,,,,,,,
Connie Britton,,,,,,,
Minka Kelly,,,,,,,
Sam Rockwell,,,,,,,
Kumail Nanjiani,,,,,,,
Sarah Paulson,,,,,,,
Paul Dano,,,,,,,
Evan Rachel Wood,,,,,,,
,,,,,,,
Casey Affleck,,,,,,,
Letitia Wright,,,,,,,
Brooke Shields,,,,,,,
Judd Nelson,,,,,,,
Anthony Michael Hall,,,,,,,
Ralph Macchio,,,,,,,
Jimmy Carr,,,,,,,
Graham Norton,,,,,,,
Jonathan Ross,,,,,,,
,,,,,,,
Chuck Todd,,,,,,,
Kevin Bacon,,,,,,,
Kyra Sedgwick,,,,,,,
Kevin Sorbo,,,,,,,
Kevin Spacey,,,,,,,
Elisha Cuthbert,,,,,,,
Sean Penn,,,,,,,
Michael Cera,,,,,,,
Emile Hirsch,,,,,,,
Joel Osteen,,,,,,,
Tony Robbins,,,,,,,
Michael Douglas,,,,,,,
Catherine Zeta-Jones,,,,,,,
Daryl Hannah,,,,,,,
Molly Ringwald,,,,,,,
Michelle Pfeiffer,,,,,,,
Kim Basinger,,,,,,,
Kathleen Turner,,,,,,,
Kevin James,,,,,,,
Sharon Stone,,,,,,,
Uma Thurman,,,,,,,
Alicia Silverstone,,,,,,,
Zach Braff,,,,,,,
Donald Faison,,,,,,,
Sarah Chalke,,,,,,,
John C McGinley,,,,,,,
Neil Patrick Harris,,,,,,,
Cobie Smulders,,,,,,,
Alyson Hanigan,,,,,,,
,,,,,,,
,,,,,,,
,,,,,,,
,,,,,,,
,,,,,,,
Todd Chrisley,,,,,,,
Julie Chrisley,,,,,,,
Jim Bob Duggar,,,,,,,
Michelle Duggar,,,,,,,
Johnny Devenanzio (Johnny Bananas),,,,,,,
Chris Tamburello (CT),,,,,,,
TJ Lavin,,,,,,,
Steven Weber,,,,,,,
Joseph Gordon-Levitt,,,,,,,
Christoph Waltz,,,,,,,
Bill Murray,,,,,,,
Jim Belushi,,,,,,,
Anya Chalotra,,,,,,,
Erin Moriarty,,,,,,,
Henry Cavill,,,,,,,
Lauren Lapkus,,,,,,,
Jurnee Smollett,,,,,,,
Florence Pugh,,,,,,,
Rachel McAdams,,,,,,,
Lindsay Lohan,,,,,,,
Italia Ricci,,,,,,,
Kiefer Sutherland,,,,,,,
Bryce Dallas Howard,,,,,,,
Gina Carano,,,,,,,
Amber Heard,,,,,,,
Christopher Nolan,,,,,,,
Tom Pelphrey,,,,,,,
Johnny Galecki,,,,,,,
John Larroquette,,,,,,,
Melissa Rauch,,,,,,,
Jennifer Garner,,,,,,,
Jennifer Connelly,,,,,,,
Jonathan Groff,,,,,,,
Taylor Tomlinson,,,,,,,
Iliza Shlesinger,,,,,,,
Elisabeth Shue,,,,,,,
Emma D'Arcy,,,,,,,
Hannah Waddingham,,,,,,,
Milly Alcock,,,,,,,
Chloe Grace Moretz,,,,,,,
Jared Leto,,,,,,,
Maya Hawke,,,,,,,
Natasha Lyonne,,,,,,,
Taylor Schilling,,,,,,,
Evan Peters,,,,,,,
Jerry Springer,,,,,,,
Ashley Olsen,,,,,,,
Mary-Kate Olsen,,,,,,,
John Stamos,,,,,,,
Sara Gilbert,,,,,,,
Laurie Metcalf,,,,,,,
Cybil Shepherd,,,,,,,
Timothy Busfield,,,,,,,
Christine Baranski,,,,,,,
Peter Krause,,,,,,,
Heidi Klum,,,,,,,
Tim Gunn,,,,,,,
Abby Lee Miller,,,,,,,
Josh Charles,,,,,,,
Ken Marino,,,,,,,
William H. Macy,,,,,,,
Lori Loughlin,,,,,,,
Dave Coulier,,,,,,,
Candace Cameron Bure,,,,,,,
Joy Behar,,,,,,,
Joshua Malina,,,,,,,
,,,,,,,
Amanda Peet,,,,,,,
Bradley Whitford,,,,,,,
Tim Daly,,,,,,,
